{"train_plots": {"train": {"Loss": [0.6844634009010323, 0.6730908984285815, 0.6941735503015374, 0.6976046077988901, 0.6576887277499992, 0.7037792554003672, 0.6661401041546604, 0.678648917861185, 0.6870878346684494, 0.6613646299848016, 0.678057314414979, 0.6668346147715203, 0.6731678772837532, 0.6680373160917779, 0.6786730786680565, 0.6561393821770783, 0.6726486975295254, 0.6493764301632581, 0.6624770809951699], "Accuracy": [0.5682926829198989, 0.5922330096972381, 0.4999999999897959, 0.5565217391183365, 0.5886654478868617, 0.5194805194692753, 0.6019607843019223, 0.5900383141649418, 0.5497185740985043, 0.5821167883105453, 0.581858407066773, 0.5896226414955278, 0.5759493670764567, 0.5911949685410651, 0.5864197530743535, 0.6036446469110787, 0.601547388769796, 0.6281588447540043, 0.6038461538345414], "Precision": [0.6009316770093023, 0.6047008546879338, 0.4596774193363033, 0.581769436981722, 0.6511627906787453, 0.5075757575565312, 0.6148648648510165, 0.5967365967226868, 0.5671981776636174, 0.6310679611446256, 0.5813253011873095, 0.6350974930185209, 0.5558912386539006, 0.6067415730109834, 0.6061946902386639, 0.6270270270100803, 0.5367647058428849, 0.6452380952227325, 0.6270718231870974], "Recall": [0.7995867768429837, 0.9188311688013366, 0.5066666666441482, 0.8188679244974012, 0.6808510638090927, 0.5929203539560655, 0.8950819671837678, 0.8619528619238399, 0.8327759197045894, 0.6290322580442248, 0.7942386830948873, 0.8413284132530875, 0.7731092436649953, 0.6428571428316326, 0.5502008031907549, 0.8656716417587436, 0.33796296294731654, 0.8262195121699323, 0.7617449664173911]}, "val": {"Loss": [0.7000724876902363, 0.6787367525568501, 0.7361698187917296, 0.6974695343046025, 0.762435001073247, 0.6993388183955855, 0.6769606270328161, 0.695982484823722, 0.6884601246085333, 0.619232346058118, 0.7355724488385615, 0.6661002911890485, 0.6667569626778092, 0.6767044834456538, 0.6893488629754968, 0.7140160486226272, 0.7043436201671716, 0.5999195956744258, 0.737277491787436], "Accuracy": [0.5049019607595636, 0.6111111110686728, 0.39075630250459004, 0.38362068963863705, 0.4647887323725451, 0.47887323941975796, 0.6076923076689349, 0.504098360635078, 0.5971563980759641, 0.6343612334522307, 0.3421052631428901, 0.5611814345754775, 0.6103896103631866, 0.5454545454253767, 0.5592417061346331, 0.459999999977, 0.47311827955293484, 0.6513761467591112, 0.5018450184316662], "Precision": [0.5049019607595636, 0.6111111110686728, 0.0, 0.45454545413223135, 0.4647887323725451, 0.7297297295325055, 0.6209677418854058, 0.8478260867722117, 0.6582278480179459, 0.6399999999715555, 0.0, 0.5635593220100187, 0.941176470034602, 0.9999999900000002, 0.5637583892239088, 0.45876288657429054, 0.540816326475427, 0.670329670292839, 0.517928286831955], "Recall": [0.9999999999029127, 0.9999999998863637, 0.0, 0.035211267603154135, 0.9999999998989899, 0.16363636362644626, 0.5833333332891414, 0.2549019607676535, 0.47272727268429754, 0.9863013697954588, 0.0, 0.9925373133587658, 0.15238095236643992, 0.011627906975392104, 0.7499999999330358, 0.9673913042426749, 0.3419354838489074, 0.8840579709504305, 0.9027777777150848]}}, "train_epochs": [75, 141, 203, 265, 324, 388, 446, 516, 576, 650, 709, 766, 825, 883, 943, 1008, 1063, 1130, 1196]}