{"train_plots": {"train": {"Loss": [0.6244169081008204], "Accuracy": [0.8329613452420128]}, "val": {"Loss": [0.6074611474115331], "Accuracy": [0.7920513718429365]}}, "train_epochs": [0]}